{
  "c": 0.4504881450488145,
  "cpp": 0.5294117647058824,
  "csharp": 0.4161073825503356,
  "dart": 0.44890620317650587,
  "go": 0.8070175438596491,
  "java": 0.3805668016194332,
  "kotlin": 0.36312849162011174,
  "lua": 0.2602739726027397,
  "php": 0.2682926829268293,
  "python": 0.6666666666666666,
  "ruby": 0.3188405797101449,
  "rust": 0.7126436781609196,
  "scala": 0.3243606998654105,
  "svelte": 0.3333333333333333,
  "swift": 0.22988505747126436,
  "typescript": 0.1196319018404908,
  "vue": 0.047619047619047616
}
